{
    "best_params": {
        "C": 63.982305039359936,
        "class_weight": null
    },
    "cv_score": 0.9655629025939957,
    "train_metrics": {
        "weighted_f1": 0.9799411360726279,
        "macro_f1": 0.9751962826711233,
        "balanced_accuracy": 0.9740243666243801,
        "confusion_matrix": [
            [
                401,
                7,
                10
            ],
            [
                10,
                959,
                14
            ],
            [
                2,
                21,
                1768
            ]
        ],
        "Bleikja_precision": 0.9709443099273608,
        "Bleikja_recall": 0.9593301435406698,
        "Bleikja_f1": 0.9651022864019254,
        "Lax_precision": 0.9716312056737588,
        "Lax_recall": 0.9755849440488301,
        "Lax_f1": 0.9736040609137055,
        "Urridi_precision": 0.9866071428571429,
        "Urridi_recall": 0.9871580122836404,
        "Urridi_f1": 0.9868825006977393
    },
    "test_metrics": {
        "weighted_f1": 0.957380994147786,
        "macro_f1": 0.9422849771448939,
        "balanced_accuracy": 0.9415208351946157,
        "confusion_matrix": [
            [
                93,
                6,
                5
            ],
            [
                5,
                236,
                5
            ],
            [
                4,
                9,
                435
            ]
        ],
        "Bleikja_precision": 0.9117647058823529,
        "Bleikja_recall": 0.8942307692307693,
        "Bleikja_f1": 0.9029126213592233,
        "Lax_precision": 0.9402390438247012,
        "Lax_recall": 0.959349593495935,
        "Lax_f1": 0.9496981891348089,
        "Urridi_precision": 0.9775280898876404,
        "Urridi_recall": 0.9709821428571429,
        "Urridi_f1": 0.9742441209406495
    }
}