{
    "best_params": {
        "C": 27.784806456372557,
        "class_weight": null
    },
    "cv_score": 0.9694874043859502,
    "train_metrics": {
        "weighted_f1": 0.9899776202852686,
        "macro_f1": 0.9894499943500478,
        "balanced_accuracy": 0.9885411108562524,
        "confusion_matrix": [
            [
                411,
                0,
                7
            ],
            [
                1,
                975,
                7
            ],
            [
                1,
                16,
                1774
            ]
        ],
        "Bleikja_precision": 0.9951573849878934,
        "Bleikja_recall": 0.9832535885167464,
        "Bleikja_f1": 0.9891696750902527,
        "Lax_precision": 0.9838546922300706,
        "Lax_recall": 0.9918616480162767,
        "Lax_f1": 0.9878419452887538,
        "Urridi_precision": 0.9921700223713646,
        "Urridi_recall": 0.9905080960357342,
        "Urridi_f1": 0.9913383626711372
    },
    "test_metrics": {
        "weighted_f1": 0.9698373632996962,
        "macro_f1": 0.9614533984594673,
        "balanced_accuracy": 0.9563273362816046,
        "confusion_matrix": [
            [
                95,
                5,
                4
            ],
            [
                1,
                240,
                5
            ],
            [
                2,
                7,
                439
            ]
        ],
        "Bleikja_precision": 0.9693877551020408,
        "Bleikja_recall": 0.9134615384615384,
        "Bleikja_f1": 0.9405940594059405,
        "Lax_precision": 0.9523809523809523,
        "Lax_recall": 0.975609756097561,
        "Lax_f1": 0.963855421686747,
        "Urridi_precision": 0.9799107142857143,
        "Urridi_recall": 0.9799107142857143,
        "Urridi_f1": 0.9799107142857143
    }
}