{
    "best_params": {
        "C": 24.824029066709905,
        "class_weight": null
    },
    "cv_score": 0.9710268562238836,
    "train_metrics": {
        "weighted_f1": 0.9890382837071517,
        "macro_f1": 0.9880554766544303,
        "balanced_accuracy": 0.9876767990936036,
        "confusion_matrix": [
            [
                411,
                0,
                7
            ],
            [
                3,
                973,
                7
            ],
            [
                1,
                17,
                1773
            ]
        ],
        "Bleikja_precision": 0.9903614457831326,
        "Bleikja_recall": 0.9832535885167464,
        "Bleikja_f1": 0.9867947178871549,
        "Lax_precision": 0.9828282828282828,
        "Lax_recall": 0.9898270600203459,
        "Lax_f1": 0.9863152559553978,
        "Urridi_precision": 0.9921656407386682,
        "Urridi_recall": 0.9899497487437185,
        "Urridi_f1": 0.9910564561207379
    },
    "test_metrics": {
        "weighted_f1": 0.968590820699845,
        "macro_f1": 0.959213976387058,
        "balanced_accuracy": 0.9549723227314691,
        "confusion_matrix": [
            [
                95,
                5,
                4
            ],
            [
                2,
                239,
                5
            ],
            [
                2,
                7,
                439
            ]
        ],
        "Bleikja_precision": 0.9595959595959596,
        "Bleikja_recall": 0.9134615384615384,
        "Bleikja_f1": 0.9359605911330049,
        "Lax_precision": 0.952191235059761,
        "Lax_recall": 0.9715447154471545,
        "Lax_f1": 0.9617706237424547,
        "Urridi_precision": 0.9799107142857143,
        "Urridi_recall": 0.9799107142857143,
        "Urridi_f1": 0.9799107142857143
    }
}