{
    "best_params": {
        "C": 40.48883392400308,
        "class_weight": null
    },
    "cv_score": 0.9734146973375234,
    "train_metrics": {
        "weighted_f1": 0.990603785708967,
        "macro_f1": 0.9902788913432223,
        "balanced_accuracy": 0.9890663246195794,
        "confusion_matrix": [
            [
                411,
                0,
                7
            ],
            [
                0,
                976,
                7
            ],
            [
                1,
                15,
                1775
            ]
        ],
        "Bleikja_precision": 0.9975728155339806,
        "Bleikja_recall": 0.9832535885167464,
        "Bleikja_f1": 0.9903614457831326,
        "Lax_precision": 0.9848637739656912,
        "Lax_recall": 0.9928789420142421,
        "Lax_f1": 0.9888551165146909,
        "Urridi_precision": 0.9921743991056456,
        "Urridi_recall": 0.9910664433277498,
        "Urridi_f1": 0.9916201117318436
    },
    "test_metrics": {
        "weighted_f1": 0.9710736482304559,
        "macro_f1": 0.9624789218624291,
        "balanced_accuracy": 0.9570713839006522,
        "confusion_matrix": [
            [
                95,
                5,
                4
            ],
            [
                1,
                240,
                5
            ],
            [
                2,
                6,
                440
            ]
        ],
        "Bleikja_precision": 0.9693877551020408,
        "Bleikja_recall": 0.9134615384615384,
        "Bleikja_f1": 0.9405940594059405,
        "Lax_precision": 0.9561752988047809,
        "Lax_recall": 0.975609756097561,
        "Lax_f1": 0.96579476861167,
        "Urridi_precision": 0.9799554565701559,
        "Urridi_recall": 0.9821428571428571,
        "Urridi_f1": 0.9810479375696767
    }
}