{
    "cv_score": {
        "mean": 0.964343226569459,
        "std": 0.0015707639114348384,
        "min": 0.9607370859002575,
        "max": 0.9663826069533311
    },
    "test_score": {
        "mean": 0.9593124351448715,
        "std": 0.003924079035578148,
        "min": 0.9522809759884215,
        "max": 0.9648385080599812
    },
    "c_value": {
        "mean": 144.90970705224103,
        "std": 67.81956901658126,
        "min": 31.861547347924585,
        "max": 245.84194940530077
    }
}