{
    "best_seed": 32,
    "weighted_f1": 0.9710736482304559,
    "best_params": {
        "C": 35.022564472716965,
        "class_weight": null
    }
}