{
    "cv_score": {
        "mean": 0.9703681840245164,
        "std": 0.0015006498810250857,
        "min": 0.9680363633194746,
        "max": 0.9734146973375234
    },
    "test_score": {
        "mean": 0.9691118695809292,
        "std": 0.001461690939992185,
        "min": 0.9662319125280372,
        "max": 0.9710736482304559
    },
    "c_value": {
        "mean": 28.62473565943814,
        "std": 9.882965952670842,
        "min": 11.961217347818057,
        "max": 45.802447681831225
    }
}