{
    "best_params": {
        "C": 20.46893672785395,
        "class_weight": null
    },
    "cv_score": 0.9710228137138888,
    "train_metrics": {
        "weighted_f1": 0.9877824694660136,
        "macro_f1": 0.9864564698029267,
        "balanced_accuracy": 0.9854037067632216,
        "confusion_matrix": [
            [
                409,
                1,
                8
            ],
            [
                3,
                971,
                9
            ],
            [
                1,
                17,
                1773
            ]
        ],
        "Bleikja_precision": 0.9903147699757869,
        "Bleikja_recall": 0.9784688995215312,
        "Bleikja_f1": 0.9843561973525873,
        "Lax_precision": 0.9817997977755308,
        "Lax_recall": 0.987792472024415,
        "Lax_f1": 0.9847870182555781,
        "Urridi_precision": 0.9905027932960894,
        "Urridi_recall": 0.9899497487437185,
        "Urridi_f1": 0.9902261938006144
    },
    "test_metrics": {
        "weighted_f1": 0.9673530125483001,
        "macro_f1": 0.9573047074942443,
        "balanced_accuracy": 0.9542282751124214,
        "confusion_matrix": [
            [
                95,
                5,
                4
            ],
            [
                2,
                239,
                5
            ],
            [
                3,
                7,
                438
            ]
        ],
        "Bleikja_precision": 0.95,
        "Bleikja_recall": 0.9134615384615384,
        "Bleikja_f1": 0.9313725490196079,
        "Lax_precision": 0.952191235059761,
        "Lax_recall": 0.9715447154471545,
        "Lax_f1": 0.9617706237424547,
        "Urridi_precision": 0.9798657718120806,
        "Urridi_recall": 0.9776785714285714,
        "Urridi_f1": 0.9787709497206704
    }
}